{"cameraMode":{"drawMode":0,"name":"Shaded","section":"Shading Mode"},"sceneLighting":false,"audioPlay":false,"sceneViewState":{"showFog":true,"showMaterialUpdate":true,"showSkybox":false,"showFlares":true,"showImageEffects":true,"showParticleSystems":true},"in2DMode":false,"pivot":{"x":131.33724975585938,"y":-154.666259765625,"z":3.0389404296875},"rotation":{"x":-0.021307898685336114,"y":0.000597028061747551,"z":-0.000012803232493752148,"w":-0.9997730851173401},"size":1.6147607564926148,"orthographic":false}